,Date,Low,Open,Volume,High,Close,Adjusted Close
2418,2016-01-04,93.72000122070312,95.37000274658205,6378700,95.58999633789062,94.80999755859376,91.2746353149414
2419,2016-01-05,94.41000366210938,95.37999725341795,4352500,95.83000183105467,94.98999786376952,91.4478988647461
2420,2016-01-06,92.9800033569336,93.48999786376952,4370000,94.38999938964844,93.3499984741211,90.04918670654297
2421,2016-01-07,90.68000030517578,91.55999755859376,6600000,92.37000274658205,91.63999938964844,88.399658203125
2422,2016-01-08,89.72000122070312,91.97000122070312,5912100,92.23999786376952,89.88999938964844,86.71151733398438
2423,2016-01-11,89.29000091552734,90.25,5845600,91.0999984741211,90.58000183105467,87.37712860107422
2424,2016-01-12,90.12000274658205,91.61000061035156,4441800,91.87000274658205,91.44000244140624,88.20671081542969
2425,2016-01-13,88.75,92.06999969482422,4895000,92.1500015258789,89.19000244140625,86.03630065917969
2426,2016-01-14,89.16000366210938,89.4000015258789,6235800,91.69000244140624,90.70999908447266,87.50251770019531
2427,2016-01-15,87.81999969482422,88.08999633789062,6459800,89.27999877929688,88.70999908447266,85.5732650756836
2428,2016-01-19,85.48999786376953,89.55999755859375,10175200,89.73999786376953,86.22000122070312,83.17131805419922
2429,2016-01-20,83.5199966430664,84.70999908447266,11672100,85.95999908447266,85.12999725341797,82.11983489990234
2430,2016-01-21,84.55999755859375,85.2300033569336,5989700,87.52999877929688,86.12000274658203,83.07483673095703
2431,2016-01-22,87.4000015258789,87.7300033569336,4912500,88.83000183105469,88.0,84.88835906982422
2432,2016-01-25,86.6500015258789,88.02999877929688,5110500,88.19000244140625,86.7699966430664,83.70184326171875
2433,2016-01-26,86.4000015258789,87.0,4872500,87.5,87.0,83.92371368408203
2434,2016-01-27,84.33999633789062,86.88999938964844,6750900,87.05000305175781,84.80999755859375,81.81114959716797
2435,2016-01-28,83.3499984741211,85.33999633789062,9169600,85.6500015258789,83.43000030517578,80.47993469238281
2436,2016-01-29,81.0,81.44999694824219,16410500,89.25,89.02999877929688,85.88192749023438
2437,2016-02-01,87.2300033569336,88.5199966430664,5956400,89.19999694824219,88.62999725341797,85.4960708618164
2438,2016-02-02,85.37000274658203,87.68000030517578,7096900,87.73999786376953,85.93000030517578,82.89156341552734
2439,2016-02-03,84.45999908447266,86.55999755859375,5253600,86.76000213623047,86.47000122070312,83.41246032714844
2440,2016-02-04,85.73999786376953,86.23999786376953,4490600,86.87000274658203,86.33000183105469,83.27742004394531
2441,2016-02-05,82.18000030517578,86.04000091552734,8474000,86.31999969482422,82.76000213623047,79.8336410522461
2442,2016-02-08,79.87000274658203,81.44000244140625,9213800,81.73999786376953,80.6500015258789,77.79824829101562
2443,2016-02-09,78.5199966430664,78.87000274658203,7802700,83.2300033569336,81.97000122070312,79.07158660888672
2444,2016-02-10,82.93000030517578,83.05999755859375,4858900,84.83999633789062,83.30999755859375,80.36420440673828
2445,2016-02-11,79.9800033569336,80.1500015258789,6285400,82.79000091552734,82.11000061035156,79.20663452148438
2446,2016-02-12,83.30999755859375,83.62000274658203,5213300,85.2699966430664,84.88999938964844,81.88833618164062
2447,2016-02-16,85.36000061035156,86.12000274658203,4908000,86.58999633789062,86.18000030517578,83.13272094726562
2448,2016-02-17,86.58999633789062,86.93000030517578,4143400,87.5999984741211,87.20999908447266,84.12628936767578
2449,2016-02-18,85.83000183105469,86.58000183105469,3551500,87.44999694824219,86.04000091552734,82.99766540527344
2450,2016-02-19,85.22000122070312,85.6500015258789,3490500,86.86000061035156,86.79000091552734,83.72113800048828
2451,2016-02-22,86.79000091552734,86.79000091552734,3010800,88.2300033569336,87.81999969482422,84.71472930908203
2452,2016-02-23,85.93000030517578,87.26000213623047,4236900,87.8499984741211,86.20999908447266,83.1616439819336
2453,2016-02-24,84.58999633789062,85.13999938964844,3361300,86.76000213623047,86.41999816894531,83.36422729492188
2454,2016-02-25,85.5199966430664,86.55000305175781,3280500,87.43000030517578,87.41999816894531,84.32886505126953
2455,2016-02-26,87.48999786376953,88.11000061035156,3294900,88.58999633789062,87.56999969482422,84.47356414794922
2456,2016-02-29,86.9000015258789,87.30000305175781,4302900,88.83000183105469,86.91999816894531,83.8465347290039
2457,2016-03-01,87.72000122070312,87.7699966430664,4967500,90.12999725341795,90.0999984741211,86.91411590576172
2458,2016-03-02,88.98999786376953,89.76000213623047,3898300,90.08999633789062,89.88999938964844,86.71151733398438
2459,2016-03-03,88.91999816894531,89.7300033569336,4202500,90.13999938964844,89.73999786376953,86.56682586669922
2460,2016-03-04,89.5,90.0,3181300,90.55999755859376,90.05000305175781,86.86589050292969
2461,2016-03-07,87.44000244140625,89.69000244140625,4939800,89.75,88.30000305175781,85.17774963378906
2462,2016-03-08,86.80999755859375,87.45999908447266,4251700,87.76000213623047,86.8499984741211,83.77900695800781
2463,2016-03-09,86.69999694824219,87.20999908447266,3477800,87.5999984741211,87.18000030517578,84.09735107421875
2464,2016-03-10,85.93000030517578,87.66000366210938,3239100,88.19999694824219,86.88999938964844,83.8176040649414
2465,2016-03-11,87.77999877929688,87.91000366210938,4003200,89.16000366210938,88.58000183105469,85.4478530883789
2466,2016-03-14,88.0199966430664,88.52999877929688,4407400,89.12999725341797,88.87000274658203,85.72760772705078
2467,2016-03-15,88.19999694824219,88.36000061035156,4468800,89.69999694824219,89.36000061035156,86.20027160644531
2468,2016-03-16,89.0199966430664,89.22000122070312,3005000,90.31999969482422,90.01000213623047,86.8272933959961
2469,2016-03-17,89.66000366210938,89.91999816894531,4568900,91.66000366210938,91.41000366210938,88.17779541015625
2470,2016-03-18,91.4499969482422,92.01000213623048,5972900,92.44000244140624,92.30999755859376,89.04595947265625
2471,2016-03-21,91.55999755859376,91.86000061035156,3176900,92.62999725341795,92.3499984741211,89.08454895019531
2472,2016-03-22,91.54000091552734,91.68000030517578,3541300,92.20999908447266,91.76000213623048,88.51539611816406
2473,2016-03-23,91.63999938964844,91.87999725341795,2816100,92.6500015258789,92.12999725341795,88.87232208251953
2474,2016-03-24,91.3000030517578,91.3000030517578,2618700,91.97000122070312,91.91000366210938,88.66009521484375
2475,2016-03-28,91.18000030517578,92.18000030517578,2304300,92.3000030517578,91.23999786376952,88.01377868652344
2476,2016-03-29,91.0999984741211,91.22000122070312,3326300,93.04000091552734,92.77999877929688,89.49935150146484
2477,2016-03-30,93.3000030517578,93.5500030517578,3477900,94.16999816894533,93.80999755859376,90.49293518066406
2478,2016-03-31,93.5199966430664,93.68000030517578,5647100,94.94000244140624,94.5,91.15852355957033
2479,2016-04-01,93.5,93.6500015258789,5276900,96.11000061035156,95.87000274658205,92.48006439208984
2480,2016-04-04,94.45999908447266,96.01000213623048,4449900,96.0999984741211,95.0500030517578,91.6890640258789
2481,2016-04-05,93.88999938964844,94.0999984741211,5378300,95.41000366210938,94.3499984741211,91.01383209228516
2482,2016-04-06,93.83999633789062,94.1999969482422,3334200,94.83999633789062,94.75,91.58412170410156
2483,2016-04-07,93.04000091552734,94.16999816894533,3046500,94.26000213623048,93.51000213623048,90.38553619384766
2484,2016-04-08,93.41999816894533,94.08999633789062,2564000,94.66000366210938,93.79000091552734,90.65618896484376
2485,2016-04-11,93.38999938964844,93.91999816894533,3858200,94.68000030517578,93.47000122070312,90.3468780517578
2486,2016-04-12,93.13999938964844,93.76000213623048,2673700,93.98999786376952,93.86000061035156,90.72386169433594
2487,2016-04-13,94.38999938964844,94.5,3698600,95.75,95.75,92.55070495605467
2488,2016-04-14,95.41000366210938,95.72000122070312,3292200,96.7699966430664,96.16999816894533,92.95665740966795
2489,2016-04-15,96.13999938964844,96.25,4127600,97.30999755859376,96.68000030517578,93.44962310791016
2490,2016-04-18,96.5999984741211,96.63999938964844,3079700,97.79000091552734,97.66999816894533,94.40655517578124
2491,2016-04-19,96.3499984741211,98.0,3635900,98.16000366210938,97.23999786376952,93.99091339111328
2492,2016-04-20,97.0500030517578,97.66000366210938,3627300,98.4000015258789,97.9000015258789,94.6288604736328
2493,2016-04-21,97.3499984741211,97.9499969482422,2913600,98.08999633789062,97.54000091552734,94.2809066772461
2494,2016-04-22,96.38999938964844,96.38999938964844,7176300,98.48999786376952,97.4499969482422,94.19390106201172
2495,2016-04-25,96.54000091552734,96.79000091552734,3276100,97.31999969482422,96.9800033569336,93.73960876464844
2496,2016-04-26,96.7300033569336,97.16000366210938,2929200,97.61000061035156,97.2699966430664,94.01992797851562
2497,2016-04-27,96.5500030517578,97.23999786376952,5211900,98.61000061035156,98.37999725341795,95.0928192138672
2498,2016-04-28,96.7300033569336,97.94000244140624,6261400,100.0,97.18000030517578,93.9329071044922
2499,2016-04-29,96.08000183105467,96.83000183105467,5338500,97.66000366210938,96.98999786376952,93.749267578125
2500,2016-05-02,96.48999786376952,97.1500015258789,3813100,97.94000244140624,97.7699966430664,94.50320434570312
2501,2016-05-03,95.91999816894533,97.01000213623048,3362100,97.54000091552734,96.4499969482422,93.22731018066406
2502,2016-05-04,95.2300033569336,95.72000122070312,3187500,96.38999938964844,96.25,93.03399658203124
2503,2016-05-05,95.95999908447266,96.33999633789062,2848600,96.83000183105467,96.19000244140624,92.97602081298828
2504,2016-05-06,95.6500015258789,95.8000030517578,2042700,96.76000213623048,96.68000030517578,93.44962310791016
2505,2016-05-09,96.5,96.80999755859376,1972600,97.25,96.72000122070312,93.48827362060548
2506,2016-05-10,96.69000244140624,96.77999877929688,1903500,97.6999969482422,97.63999938964844,94.37754821777344
2507,2016-05-11,96.36000061035156,97.63999938964844,2540600,97.83999633789062,96.41000366210938,93.18864440917967
2508,2016-05-12,95.23999786376952,96.73999786376952,4216800,96.81999969482422,95.8499984741211,92.64737701416016
2509,2016-05-13,95.13999938964844,95.58999633789062,3371600,96.27999877929688,95.36000061035156,92.17373657226562
2510,2016-05-16,95.4499969482422,95.5999984741211,2273600,96.5199966430664,96.1500015258789,92.93733978271484
2511,2016-05-17,95.26000213623048,95.9800033569336,3463300,96.29000091552734,95.5999984741211,92.40570831298828
2512,2016-05-18,94.87000274658205,95.33000183105467,2469900,96.16999816894533,95.62999725341795,92.43472290039062
2513,2016-05-19,94.08000183105467,95.13999938964844,2268900,95.5,94.6999969482422,91.53578186035156
2514,2016-05-20,95.02999877929688,95.16999816894533,2446700,95.88999938964844,95.47000122070312,92.28005981445312
2515,2016-05-23,94.98999786376952,95.51000213623048,2231800,95.7300033569336,95.08000183105467,91.903076171875
2516,2016-05-24,95.33000183105467,95.52999877929688,2446500,96.73999786376952,96.4800033569336,93.25633239746094
2517,2016-05-25,96.13999938964844,96.77999877929688,2689500,96.9000015258789,96.4499969482422,93.22731018066406
2518,2016-05-26,96.06999969482422,96.54000091552734,1738300,96.7300033569336,96.37999725341795,93.15962982177734
2519,2016-05-27,96.37999725341795,96.52999877929688,2724300,97.18000030517578,97.18000030517578,93.9329071044922
2520,2016-05-31,95.5999984741211,97.18000030517578,4028800,97.1999969482422,95.9000015258789,92.69569396972656
2521,2016-06-01,95.25,95.9000015258789,2677500,96.54000091552734,96.41000366210938,93.18864440917967
2522,2016-06-02,96.01000213623048,96.2699966430664,2662100,96.87999725341795,96.87999725341795,93.64293670654295
2523,2016-06-03,95.33000183105467,96.20999908447266,2814800,96.61000061035156,96.02999877929688,92.82135772705078
2524,2016-06-06,95.9800033569336,96.4000015258789,2160700,96.97000122070312,96.63999938964844,93.41098022460938
2525,2016-06-07,96.44000244140624,96.58999633789062,2394900,97.16999816894533,96.68000030517578,93.44962310791016
2526,2016-06-08,96.56999969482422,96.6500015258789,4365200,97.98999786376952,97.98999786376952,94.71585845947266
2527,2016-06-09,96.9800033569336,97.51000213623048,2044700,97.62999725341795,97.0199966430664,93.7782745361328
2528,2016-06-10,94.9000015258789,96.0,4080700,96.08999633789062,95.20999908447266,92.02873229980467
2529,2016-06-13,94.16000366210938,94.7300033569336,3082200,95.62999725341795,94.19000244140624,91.04283142089844
2530,2016-06-14,93.3499984741211,93.87000274658205,5338200,94.33000183105467,94.11000061035156,90.9655303955078
2531,2016-06-15,93.33999633789062,94.36000061035156,4025900,94.5,93.33999633789062,90.2212371826172
2532,2016-06-16,92.0500030517578,92.93000030517578,4976200,94.08999633789062,94.08000183105467,90.93650817871094
2533,2016-06-17,92.69000244140624,93.9800033569336,6941700,94.20999908447266,93.29000091552734,90.17290496826172
2534,2016-06-20,94.25,94.5,4949500,95.18000030517578,94.3499984741211,91.1974868774414
2535,2016-06-21,94.47000122070312,94.68000030517578,4203000,95.3000030517578,95.11000061035156,91.9320831298828
2536,2016-06-22,94.05999755859376,95.2300033569336,2876700,95.37999725341795,94.05999755859376,90.91716003417967
2537,2016-06-23,94.61000061035156,95.1500015258789,2992400,95.70999908447266,95.70999908447266,92.51203918457033
2538,2016-06-24,91.13999938964844,91.4800033569336,8356800,93.12999725341795,91.47000122070312,88.41372680664062
2539,2016-06-27,88.81999969482422,90.2699966430664,7444800,90.8000030517578,89.06999969482422,86.0938949584961
2540,2016-06-28,89.72000122070312,90.27999877929688,4820400,90.5,90.41999816894533,87.39879608154297
2541,2016-06-29,90.8499984741211,91.04000091552734,3987900,92.20999908447266,92.12999725341795,89.0516586303711
2542,2016-06-30,87.58999633789062,92.61000061035156,12706800,92.73999786376952,88.05999755859375,85.11763763427734
2543,2016-07-01,88.2699966430664,89.16000366210938,8342100,89.4800033569336,88.8499984741211,85.8812484741211
2544,2016-07-05,87.91999816894531,88.12000274658203,7077000,89.33999633789062,88.23999786376953,85.2916259765625
2545,2016-07-06,86.6500015258789,87.16000366210938,9412800,87.58000183105469,86.83000183105469,84.10983276367188
2546,2016-07-07,86.94999694824219,86.94999694824219,4707200,88.31999969482422,87.80999755859375,85.05915069580078
2547,2016-07-08,87.94000244140625,88.43000030517578,5621800,88.69000244140625,88.55999755859375,85.78565216064453
2548,2016-07-11,88.62999725341797,89.05000305175781,5274700,89.30999755859375,88.75,85.96969604492188
2549,2016-07-12,88.87000274658203,89.08000183105469,6122200,90.08000183105467,90.0,87.18052673339844
2550,2016-07-13,89.63999938964844,90.45999908447266,3996900,90.55999755859376,90.33999633789062,87.50989532470703
2551,2016-07-14,90.51000213623048,91.31999969482422,4240100,91.6500015258789,91.4499969482422,88.58512878417969
2552,2016-07-15,90.72000122070312,92.02999877929688,3262400,92.02999877929688,90.93000030517578,88.08140563964844
2553,2016-07-18,90.83999633789062,91.18000030517578,3407300,91.63999938964844,91.5999984741211,88.73043060302734
2554,2016-07-19,91.20999908447266,91.20999908447266,3423800,92.41000366210938,92.37999725341795,89.48599243164062
2555,2016-07-20,92.1500015258789,92.55999755859376,3794100,93.44000244140624,93.3000030517578,90.3771743774414
2556,2016-07-21,92.02999877929688,93.0,4305900,93.66999816894533,92.45999908447266,89.5634765625
2557,2016-07-22,92.11000061035156,92.66000366210938,4348200,93.66000366210938,93.66000366210938,90.72589874267578
2558,2016-07-25,92.54000091552734,93.5999984741211,3773500,93.5999984741211,93.0,90.0865707397461
2559,2016-07-26,92.75,92.77999877929688,4469600,93.66999816894533,93.43000030517578,90.50308227539062
2560,2016-07-27,92.75,93.52999877929688,5696800,94.3000030517578,93.75,90.8130874633789
2561,2016-07-28,94.55999755859376,95.0,5209400,96.5,96.01000213623048,93.00226593017578
2562,2016-07-29,95.12000274658205,96.06999969482422,4364100,96.0999984741211,95.23999786376952,92.25637817382812
2563,2016-08-01,94.4499969482422,95.2300033569336,3512100,95.47000122070312,95.06999969482422,92.09172058105467
2564,2016-08-02,94.5,95.02999877929688,3948600,95.38999938964844,95.25,92.26609802246094
2565,2016-08-03,94.77999877929688,95.06999969482422,3006100,95.4499969482422,95.08000183105467,92.10140228271484
2566,2016-08-04,94.8000030517578,95.08999633789062,2875600,96.0500030517578,95.91000366210938,92.90541076660156
2567,2016-08-05,96.08999633789062,96.29000091552734,2632200,96.94000244140624,96.87999725341795,93.84500122070312
2568,2016-08-08,96.62999725341795,97.0,2873000,97.0999984741211,96.77999877929688,93.7481460571289
2569,2016-08-09,96.5500030517578,96.62999725341795,1937100,97.13999938964844,96.6999969482422,93.670654296875
2570,2016-08-10,96.2300033569336,96.72000122070312,2004700,96.81999969482422,96.29000091552734,93.27350616455078
2571,2016-08-11,96.16999816894533,96.5,2971100,96.91999816894533,96.52999877929688,93.5059814453125
2572,2016-08-12,95.51000213623048,95.95999908447266,1988600,96.41000366210938,96.12000274658205,93.10883331298828
2573,2016-08-15,96.06999969482422,96.30999755859376,2081200,96.55999755859376,96.44000244140624,93.41878509521484
2574,2016-08-16,95.45999908447266,96.1999969482422,2866200,96.26000213623048,95.62000274658205,92.62447357177734
2575,2016-08-17,95.02999877929688,95.79000091552734,4054700,96.06999969482422,95.58999633789062,92.59542083740234
2576,2016-08-18,95.06999969482422,95.3000030517578,3134200,95.87000274658205,95.2699966430664,92.28543090820312
2577,2016-08-19,94.41000366210938,95.18000030517578,3090800,95.29000091552734,95.22000122070312,92.23700714111328
2578,2016-08-22,94.9499969482422,95.19000244140624,2390800,95.9499969482422,95.79000091552734,92.78916931152344
2579,2016-08-23,95.98999786376952,96.0,3099700,96.76000213623048,96.29000091552734,93.27350616455078
2580,2016-08-24,95.38999938964844,96.29000091552734,2008100,96.47000122070312,95.52999877929688,92.53730010986328
2581,2016-08-25,95.33000183105467,95.47000122070312,1983000,95.80999755859376,95.58999633789062,92.59542083740234
2582,2016-08-26,95.7699966430664,95.83999633789062,3123100,97.0,96.47000122070312,93.44784545898438
2583,2016-08-29,96.2300033569336,96.4499969482422,2590200,96.8499984741211,96.77999877929688,93.7481460571289
2584,2016-08-30,96.33999633789062,96.79000091552734,2634100,97.19000244140624,97.08999633789062,94.0484390258789
2585,2016-08-31,96.12999725341795,96.80999755859376,3499300,97.08999633789062,96.62999725341795,93.60283660888672
2586,2016-09-01,96.51000213623048,96.66999816894533,4198100,97.6999969482422,97.62000274658205,94.56182861328124
2587,2016-09-02,97.37000274658205,97.4000015258789,2572400,98.0999984741211,97.88999938964844,94.8233871459961
2588,2016-09-06,97.69000244140624,97.80999755859376,3879300,98.91000366210938,98.79000091552734,95.69518280029295
2589,2016-09-07,98.26000213623048,98.48999786376952,4198200,99.5999984741211,99.56999969482422,96.45073699951172
2590,2016-09-08,99.38999938964844,99.4499969482422,4605400,100.66999816894533,99.9800033569336,96.84790802001952
2591,2016-09-09,98.1500015258789,99.08000183105467,5458500,99.69000244140624,98.1500015258789,95.07521057128906
2592,2016-09-12,97.48999786376952,97.54000091552734,4264300,100.31999969482422,100.11000061035156,96.97380828857422
2593,2016-09-13,98.9800033569336,99.3499984741211,4732200,100.05999755859376,99.38999938964844,96.27638244628906
2594,2016-09-14,98.37999725341795,99.33999633789062,4400300,99.62999725341795,98.70999908447266,95.61768341064452
2595,2016-09-15,98.4499969482422,98.56999969482422,3485700,99.81999969482422,99.47000122070312,96.35388946533205
2596,2016-09-16,98.58999633789062,99.0500030517578,4498800,99.69000244140624,99.36000061035156,96.247314453125
2597,2016-09-19,99.41999816894533,99.9499969482422,3056900,100.38999938964844,99.68000030517578,96.55730438232422
2598,2016-09-20,100.01000213623048,100.25,3848700,100.91999816894533,100.48999786376952,97.34191131591795
2599,2016-09-21,99.97000122070312,100.80999755859376,3251900,101.30999755859376,101.26000213623048,98.08780670166016
2600,2016-09-22,101.51000213623048,101.56999969482422,3390600,102.2300033569336,102.12000274658205,98.9208526611328
2601,2016-09-23,101.25,101.91999816894533,2759400,102.0999984741211,101.66000366210938,98.47526550292967
2602,2016-09-26,100.75,100.81999969482422,3468900,101.83000183105467,101.16000366210938,97.99093627929688
2603,2016-09-27,100.55999755859376,101.0,3547700,101.6500015258789,101.4499969482422,98.2718505859375
2604,2016-09-28,100.83000183105467,101.43000030517578,3629500,101.58000183105467,101.51000213623048,98.32996368408205
2605,2016-09-29,100.58999633789062,101.58000183105467,3010000,102.30999755859376,100.61000061035156,97.4581527709961
2606,2016-09-30,100.68000030517578,100.77999877929688,5503900,102.2300033569336,101.7699966430664,98.5818328857422
2607,2016-10-03,101.23999786376952,101.38999938964844,3696700,102.37999725341795,101.87999725341795,98.68836975097656
2608,2016-10-04,101.04000091552734,102.02999877929688,2881900,102.20999908447266,101.22000122070312,98.0490493774414
2609,2016-10-05,101.31999969482422,101.31999969482422,3768100,102.66999816894533,102.4000015258789,99.37863159179688
2610,2016-10-06,102.0199966430664,102.4000015258789,3875600,103.16999816894533,102.94000244140624,99.9026870727539
2611,2016-10-07,101.9800033569336,103.0500030517578,4225600,103.48999786376952,102.25,99.23307037353516
2612,2016-10-10,102.5500030517578,102.6999969482422,2376500,103.37000274658205,102.6500015258789,99.6212387084961
2613,2016-10-11,100.81999969482422,102.54000091552734,3412900,102.62999725341795,101.3499984741211,98.35961151123048
2614,2016-10-12,101.0500030517578,101.55999755859376,3467800,101.91000366210938,101.36000061035156,98.36933135986328
2615,2016-10-13,99.77999877929688,100.75,3657400,101.48999786376952,100.6500015258789,97.6802749633789
2616,2016-10-14,100.80999755859376,101.0999984741211,3280200,102.1999969482422,100.87999725341795,97.90348815917967
2617,2016-10-17,100.62000274658205,100.95999908447266,1975500,101.26000213623048,100.8499984741211,97.87435913085938
2618,2016-10-18,101.05999755859376,101.77999877929688,2623700,102.12000274658205,101.7300033569336,98.72840118408205
2619,2016-10-19,101.62999725341795,101.8000030517578,3305200,102.8499984741211,102.7300033569336,99.69889831542967
2620,2016-10-20,102.3499984741211,102.79000091552734,2945300,103.37000274658205,102.5500030517578,99.52420043945312
2621,2016-10-21,101.95999908447266,102.12999725341795,3018800,103.0,102.8499984741211,99.81533813476562
2622,2016-10-24,102.95999908447266,103.1500015258789,2565600,103.91999816894533,103.19000244140624,100.14533233642578
2623,2016-10-25,102.29000091552734,103.19000244140624,4869300,103.23999786376952,102.87999725341795,99.84447479248048
2624,2016-10-26,102.52999877929688,102.55999755859376,3356000,103.45999908447266,103.22000122070312,100.17444610595705
2625,2016-10-27,103.19000244140624,103.19000244140624,5096100,104.3000030517578,103.5999984741211,100.54322052001952
2626,2016-10-28,104.61000061035156,105.0500030517578,9282800,107.83000183105467,106.9000015258789,103.74585723876952
2627,2016-10-31,106.47000122070312,107.4000015258789,5820000,108.93000030517578,107.0199966430664,103.86233520507812
2628,2016-11-01,104.79000091552734,107.0,7076500,107.12000274658205,104.95999908447266,101.86309051513672
2629,2016-11-02,104.0,104.27999877929688,3527500,105.0,104.0,100.93141174316406
2630,2016-11-03,103.51000213623048,103.5199966430664,3127300,104.45999908447266,103.77999877929688,100.71792602539062
2631,2016-11-04,103.02999877929688,103.9000015258789,3067200,104.43000030517578,103.02999877929688,99.99002838134766
2632,2016-11-07,104.52999877929688,104.58000183105467,3067500,106.02999877929688,105.95999908447266,102.83357238769533
2633,2016-11-08,105.52999877929688,105.73999786376952,2864300,106.47000122070312,105.6999969482422,102.58126068115234
2634,2016-11-09,103.86000061035156,104.91000366210938,4775000,106.4499969482422,106.19000244140624,103.05680084228516
2635,2016-11-10,102.4499969482422,106.66000366210938,6584300,107.13999938964844,104.5,101.41668701171876
2636,2016-11-11,103.66000366210938,103.86000061035156,3300300,105.05999755859376,104.62000274658205,101.53312683105467
2637,2016-11-14,100.36000061035156,105.0199966430664,7106800,105.0999984741211,101.13999938964844,98.1558074951172
2638,2016-11-15,101.37999725341795,101.37999725341795,4633100,102.98999786376952,102.4800033569336,99.45629119873048
2639,2016-11-16,102.43000030517578,102.43000030517578,4567900,104.0,104.0,100.93141174316406
2640,2016-11-17,103.73999786376952,104.4000015258789,3096800,105.25,104.4499969482422,101.36813354492188
2641,2016-11-18,104.30999755859376,104.6500015258789,3275000,105.0999984741211,104.77999877929688,101.68842315673828
2642,2016-11-21,104.69000244140624,104.77999877929688,2650800,106.0,105.94000244140624,102.8141632080078
2643,2016-11-22,104.73999786376952,106.0,4570100,106.12999725341795,105.93000030517578,102.80447387695312
2644,2016-11-23,104.29000091552734,105.5999984741211,4952300,105.91000366210938,104.55999755859376,101.4748992919922
2645,2016-11-25,104.52999877929688,104.62000274658205,1566900,105.7300033569336,105.7300033569336,102.6103744506836
2646,2016-11-28,103.0500030517578,105.41999816894533,5401700,105.41999816894533,103.36000061035156,100.31028747558594
2647,2016-11-29,103.33999633789062,103.68000030517578,3356600,104.37000274658205,103.81999969482422,100.75674438476562
2648,2016-11-30,101.37999725341795,103.54000091552734,6889200,104.27999877929688,102.1999969482422,99.1845245361328
2649,2016-12-01,99.51000213623048,102.33000183105467,5452100,102.58000183105467,100.18000030517578,97.22412872314452
2650,2016-12-02,99.81999969482422,100.25,3981100,101.13999938964844,101.0999984741211,98.1169891357422
2651,2016-12-05,101.8000030517578,101.87000274658205,5427900,103.66999816894533,103.5500030517578,100.49471282958984
2652,2016-12-06,101.8000030517578,103.81999969482422,4975200,103.9800033569336,102.0,98.9904327392578
2653,2016-12-07,102.62000274658205,103.0199966430664,5423500,105.56999969482422,105.25,102.14454650878906
2654,2016-12-08,103.86000061035156,105.18000030517578,3024700,105.48999786376952,104.81999969482422,101.72724151611328
2655,2016-12-09,104.0,104.80999755859376,2541000,105.0999984741211,104.41000366210938,101.3293228149414
2656,2016-12-12,103.16000366210938,104.33999633789062,3827700,104.4000015258789,103.27999877929688,100.23265838623048
2657,2016-12-13,102.94000244140624,103.56999969482422,4297700,104.5999984741211,103.31999969482422,100.27147674560548
2658,2016-12-14,102.91000366210938,102.91000366210938,3515800,104.83999633789062,103.27999877929688,100.23265838623048
2659,2016-12-15,104.0,104.43000030517578,3774100,105.70999908447266,104.3499984741211,101.2710952758789
2660,2016-12-16,103.0500030517578,104.81999969482422,4659700,104.81999969482422,103.43000030517578,100.37824249267578
2661,2016-12-19,103.4499969482422,103.6999969482422,2980900,104.1999969482422,103.54000091552734,100.4850082397461
2662,2016-12-20,103.1500015258789,104.0500030517578,2354400,104.55999755859376,104.54000091552734,101.45550537109376
2663,2016-12-21,103.9000015258789,104.4800033569336,1952500,104.97000122070312,104.16999816894533,101.09640502929688
2664,2016-12-22,103.16000366210938,104.43000030517578,2463900,104.76000213623048,104.30999755859376,101.2322769165039
2665,2016-12-23,104.01000213623048,104.3000030517578,1610700,105.16000366210938,104.70999908447266,101.62049102783205
2666,2016-12-27,104.6999969482422,104.9000015258789,2160700,105.63999938964844,104.8000030517578,101.7078094482422
2667,2016-12-28,103.54000091552734,104.6999969482422,2552300,104.77999877929688,103.68000030517578,100.62085723876952
2668,2016-12-29,103.44000244140624,103.80999755859376,2858600,104.37000274658205,103.7699966430664,100.7082061767578
2669,2016-12-30,102.9800033569336,103.86000061035156,3834700,104.05999755859376,103.25,100.20352935791016
2670,2017-01-03,104.11000061035156,104.41000366210938,4711300,105.94000244140624,105.38999938964844,102.2803955078125
2671,2017-01-04,104.86000061035156,105.33999633789062,3299000,106.75,106.38999938964844,103.25090789794922
2672,2017-01-05,106.45999908447266,107.0500030517578,3262200,108.1500015258789,106.98999786376952,104.04835510253906
2673,2017-01-06,106.87000274658205,107.31999969482422,3044600,108.11000061035156,107.76000213623048,104.79720306396484
2674,2017-01-09,107.30999755859376,107.76000213623048,2500700,108.1500015258789,107.5500030517578,104.5929718017578
2675,2017-01-10,106.91999816894533,107.5500030517578,3162200,108.56999969482422,107.31999969482422,104.36930084228516
2676,2017-01-11,106.83000183105467,107.04000091552734,2499000,107.8499984741211,107.80999755859376,104.84579467773438
2677,2017-01-12,107.30999755859376,107.66999816894533,3288500,108.86000061035156,108.70999908447266,105.72106170654295
2678,2017-01-13,108.52999877929688,108.62999725341795,4661900,109.4000015258789,108.6999969482422,105.71134948730467
2679,2017-01-17,107.61000061035156,108.2300033569336,2898200,108.86000061035156,108.4000015258789,105.41962432861328
2680,2017-01-18,107.91000366210938,108.70999908447266,2652300,109.22000122070312,108.66000366210938,105.67243957519533
2681,2017-01-19,108.33000183105467,108.83999633789062,1885300,109.37000274658205,108.52999877929688,105.54601287841795
2682,2017-01-20,108.91000366210938,109.23999786376952,4173300,110.0,109.95999908447266,106.93670654296876
2683,2017-01-23,109.12999725341795,109.66000366210938,3678200,109.9800033569336,109.62999725341795,106.6157684326172
2684,2017-01-24,109.18000030517578,109.80999755859376,2899600,110.12999725341795,109.91999816894533,106.8978042602539
2685,2017-01-25,109.4000015258789,110.66000366210938,3848300,111.06999969482422,110.19000244140624,107.1603775024414
2686,2017-01-26,109.0,109.97000122070312,2568700,110.31999969482422,109.37999725341795,106.37264251708984
2687,2017-01-27,108.91999816894533,109.56999969482422,2591600,109.83999633789062,109.83999633789062,106.81999206542967
2688,2017-01-30,108.0999984741211,109.37000274658205,4304400,109.55999755859376,109.3000030517578,106.29483795166016
2689,2017-01-31,105.5,105.97000122070312,6470200,107.0999984741211,106.33000183105467,103.40650939941406
2690,2017-02-01,104.01000213623048,106.62999725341795,6149100,106.75,105.0,102.1130828857422
2691,2017-02-02,104.61000061035156,104.91999816894533,4112000,105.48999786376952,105.13999938964844,102.2492218017578
2692,2017-02-03,105.5999984741211,106.30999755859376,7132600,107.54000091552734,106.58000183105467,103.64965057373048
2693,2017-02-06,105.69000244140624,106.58000183105467,3445100,106.62000274658205,106.58999633789062,103.65937042236328
2694,2017-02-07,106.04000091552734,107.0,3204800,107.1500015258789,106.5999984741211,103.6690902709961
2695,2017-02-08,105.8000030517578,106.5500030517578,2993600,106.9000015258789,106.72000122070312,103.78578186035156
2696,2017-02-09,106.5,106.72000122070312,2679200,107.54000091552734,107.3000030517578,104.34983825683594
2697,2017-02-10,107.1999969482422,107.5500030517578,2078400,107.63999938964844,107.2699966430664,104.32066345214844
2698,2017-02-13,107.54000091552734,107.6999969482422,2337100,108.33000183105467,108.27999877929688,105.30287170410156
2699,2017-02-14,107.76000213623048,108.01000213623048,2336800,109.20999908447266,108.87999725341795,105.88638305664062
2700,2017-02-15,108.7699966430664,109.0,2920000,110.05999755859376,109.66000366210938,106.64494323730467
2701,2017-02-16,108.88999938964844,109.75,2146400,110.1999969482422,109.3000030517578,106.29483795166016
2702,2017-02-17,108.9800033569336,109.23999786376952,2850900,110.0,109.41999816894533,106.41155242919922
2703,2017-02-21,109.33999633789062,109.4499969482422,3117200,110.23999786376952,110.16000366210938,107.1312026977539
2704,2017-02-22,109.16000366210938,109.8000030517578,3049300,110.41000366210938,109.44000244140624,106.43099975585938
2705,2017-02-23,109.5999984741211,109.83000183105467,4162200,110.75,110.73999786376952,107.69525146484376
2706,2017-02-24,110.1999969482422,110.54000091552734,2471700,111.0,111.0,107.94810485839844
2707,2017-02-27,109.76000213623048,110.4000015258789,2361200,110.98999786376952,110.56999969482422,107.52994537353516
2708,2017-02-28,109.98999786376952,110.5,3367200,110.87000274658205,110.45999908447266,107.42295837402344
2709,2017-03-01,110.77999877929688,111.41999816894533,3218700,112.91999816894533,112.30999755859376,109.22208404541016
2710,2017-03-02,111.3000030517578,112.1999969482422,2690800,112.29000091552734,111.33000183105467,108.26903533935548
2711,2017-03-03,110.95999908447266,111.29000091552734,2938200,111.83999633789062,111.73999786376952,108.66777801513672
2712,2017-03-06,111.01000213623048,111.13999938964844,2175800,111.79000091552734,111.36000061035156,108.29821014404295
2713,2017-03-07,110.73999786376952,111.37000274658205,2474200,111.6999969482422,110.95999908447266,107.90921020507812
2714,2017-03-08,110.79000091552734,111.29000091552734,2355400,111.4499969482422,110.9800033569336,107.92868041992188
2715,2017-03-09,110.6500015258789,111.08000183105467,3195400,111.37000274658205,110.79000091552734,107.74388122558594
2716,2017-03-10,110.61000061035156,111.4499969482422,2735400,111.5500030517578,111.20999908447266,108.1523208618164
2717,2017-03-13,111.12999725341795,111.29000091552734,3123000,111.8000030517578,111.52999877929688,108.46353149414062
2718,2017-03-14,110.12999725341795,111.33000183105467,2891400,111.47000122070312,110.48999786376952,107.4521484375
2719,2017-03-15,110.48999786376952,111.05999755859376,3305500,112.41999816894533,112.0199966430664,108.94005584716795
2720,2017-03-16,111.58000183105467,112.11000061035156,2746400,112.97000122070312,112.66999816894533,109.57218170166016
2721,2017-03-17,112.76000213623048,112.8499984741211,4119200,113.5,112.83000183105467,109.727783203125
2722,2017-03-20,111.8499984741211,112.81999969482422,2435400,112.98999786376952,112.41000366210938,109.31934356689452
2723,2017-03-21,110.43000030517578,112.41000366210938,3734000,112.7699966430664,110.70999908447266,107.66607666015624
2724,2017-03-22,110.79000091552734,110.98999786376952,2576200,111.91000366210938,111.4499969482422,108.38574981689452
2725,2017-03-23,111.2699966430664,111.30999755859376,3107000,112.4499969482422,111.5999984741211,108.53160095214844
2726,2017-03-24,111.66999816894533,111.97000122070312,3221900,112.47000122070312,111.9800033569336,108.90115356445312
2727,2017-03-27,110.33000183105467,110.6999969482422,2724200,112.3000030517578,111.94000244140624,108.86228942871094
2728,2017-03-28,111.47000122070312,111.80999755859376,2986100,112.75,112.47000122070312,109.377685546875
2729,2017-03-29,111.5199966430664,112.02999877929688,1783800,112.33000183105467,112.05999755859376,108.9789581298828
2730,2017-03-30,111.56999969482422,112.0,2029400,112.6999969482422,112.66999816894533,109.57218170166016
2731,2017-03-31,112.44000244140624,112.62000274658205,2507700,113.18000030517578,112.47000122070312,109.377685546875
2732,2017-04-03,111.36000061035156,112.6999969482422,3170100,112.97000122070312,112.23999786376952,109.15402221679688
2733,2017-04-04,111.9000015258789,112.2300033569336,2169700,112.8499984741211,112.08999633789062,109.00814819335938
2734,2017-04-05,111.9000015258789,112.25,2486600,113.18000030517578,112.06999969482422,109.2030258178711
2735,2017-04-06,111.70999908447266,112.06999969482422,2238500,112.61000061035156,112.43000030517578,109.5538101196289
2736,2017-04-07,111.83999633789062,112.18000030517578,1995100,112.75,112.23999786376952,109.3686752319336
2737,2017-04-10,112.29000091552734,112.29000091552734,1862800,113.06999969482422,112.31999969482422,109.44661712646484
2738,2017-04-11,111.47000122070312,111.9000015258789,2045800,112.56999969482422,112.11000061035156,109.24200439453124
2739,2017-04-12,111.3499984741211,111.6500015258789,2651200,112.3000030517578,111.47000122070312,108.6183853149414
2740,2017-04-13,111.01000213623048,111.2300033569336,2690300,112.19000244140624,111.22000122070312,108.37476348876952
2741,2017-04-17,111.52999877929688,111.7699966430664,1731200,112.73999786376952,112.66999816894533,109.78768157958984
2742,2017-04-18,112.0999984741211,112.48999786376952,2141000,113.16999816894533,112.5199966430664,109.64151000976562
2743,2017-04-19,112.11000061035156,112.48999786376952,2242400,113.16000366210938,112.29000091552734,109.41740417480467
2744,2017-04-20,112.66999816894533,112.9000015258789,3459600,114.9000015258789,114.58999633789062,111.65856170654295
2745,2017-04-21,114.01000213623048,114.8000030517578,4067400,115.61000061035156,114.2699966430664,111.34673309326172
2746,2017-04-24,115.0,115.8000030517578,3207800,115.98999786376952,115.6999969482422,112.74015808105467
2747,2017-04-25,115.88999938964844,116.3499984741211,2873700,116.4800033569336,116.12999725341795,113.15917205810548
2748,2017-04-26,115.9499969482422,116.0500030517578,2202700,116.55999755859376,116.16999816894533,113.19815063476562
2749,2017-04-27,116.12000274658205,116.51000213623048,3350800,117.30999755859376,117.0999984741211,114.1043472290039
2750,2017-04-28,116.06999969482422,116.79000091552734,3536000,117.37000274658205,116.31999969482422,113.34429168701172
2751,2017-05-01,116.22000122070312,116.54000091552734,3556600,117.29000091552734,116.37000274658205,113.39302825927734
2752,2017-05-02,117.6500015258789,117.83000183105467,6802600,119.70999908447266,118.12000274658205,115.0982437133789
2753,2017-05-03,116.5500030517578,118.16999816894533,3640900,118.52999877929688,117.33000183105467,114.32845306396484
2754,2017-05-04,116.9000015258789,117.5500030517578,2560400,118.08000183105467,117.91999816894533,114.90337371826172
2755,2017-05-05,117.1999969482422,118.2699966430664,2335900,118.37999725341795,117.5,114.4941177368164
2756,2017-05-08,116.38999938964844,117.70999908447266,2562400,117.70999908447266,116.61000061035156,113.62686920166016
2757,2017-05-09,116.04000091552734,116.62999725341795,2350700,116.91000366210938,116.41000366210938,113.4320068359375
2758,2017-05-10,116.01000213623048,116.11000061035156,1812500,116.7699966430664,116.6500015258789,113.66586303710938
2759,2017-05-11,115.77999877929688,116.58000183105467,2239000,116.87999725341795,116.52999877929688,113.5489273071289
2760,2017-05-12,116.1500015258789,116.33000183105467,3195200,117.22000122070312,117.12999725341795,114.13357543945312
2761,2017-05-15,117.08999633789062,117.36000061035156,2998200,118.55999755859376,118.20999908447266,115.18596649169922
2762,2017-05-16,117.6999969482422,118.26000213623048,2375700,118.56999969482422,118.48999786376952,115.4587631225586
2763,2017-05-17,116.6500015258789,117.29000091552734,4195000,117.91000366210938,116.8000030517578,113.8120346069336
2764,2017-05-18,115.5500030517578,115.93000030517578,5088400,116.6500015258789,116.23999786376952,113.26634216308594
2765,2017-05-19,116.51000213623048,116.91999816894533,4360500,117.88999938964844,117.58000183105467,114.57207489013672
2766,2017-05-22,117.58000183105467,117.8000030517578,2578200,119.0999984741211,119.0,115.95574188232422
2767,2017-05-23,118.97000122070312,119.04000091552734,2857100,119.93000030517578,119.5999984741211,116.54037475585938
2768,2017-05-24,119.52999877929688,119.5999984741211,2509000,120.72000122070312,120.6999969482422,117.61223602294922
2769,2017-05-25,120.9499969482422,121.0199966430664,4689200,122.4800033569336,121.91999816894533,118.8010482788086
2770,2017-05-26,121.31999969482422,121.91000366210938,2141600,122.08000183105467,121.62999725341795,118.51844024658205
2771,2017-05-30,121.02999877929688,121.29000091552734,3405500,121.79000091552734,121.6500015258789,118.5379409790039
2772,2017-05-31,121.1500015258789,121.9000015258789,4708500,122.9800033569336,122.87999725341795,119.73648071289062
2773,2017-06-01,122.11000061035156,122.8000030517578,3279000,123.4000015258789,123.4000015258789,120.24319458007812
2774,2017-06-02,123.3499984741211,123.38999938964844,3731900,125.3000030517578,125.1999969482422,121.99713134765624
2775,2017-06-05,125.25,125.54000091552734,4617400,126.19000244140624,125.9000015258789,122.6792221069336
2776,2017-06-06,124.9800033569336,125.54000091552734,2712100,125.94000244140624,125.23999786376952,122.0361099243164
2777,2017-06-07,124.7699966430664,125.4800033569336,3219700,125.87999725341795,125.19000244140624,121.98741149902344
2778,2017-06-08,124.05999755859376,125.0,3332400,125.4000015258789,124.76000213623048,121.5683822631836
2779,2017-06-09,121.70999908447266,124.91999816894533,3556700,124.94000244140624,123.04000091552734,119.89238739013672
2780,2017-06-12,120.1999969482422,121.9800033569336,6574200,122.08999633789062,120.76000213623048,117.67071533203124
2781,2017-06-13,121.08999633789062,121.23999786376952,3938200,122.70999908447266,122.31999969482422,119.19081115722656
2782,2017-06-14,121.76000213623048,122.8499984741211,2940000,123.16000366210938,122.5,119.3662109375
2783,2017-06-15,119.88999938964844,121.06999969482422,3492600,121.62999725341795,121.41999816894533,118.31381225585938
2784,2017-06-16,120.72000122070312,121.48999786376952,3804900,122.1999969482422,121.95999908447266,118.84001922607422
2785,2017-06-19,122.26000213623048,122.62999725341795,2547100,123.12000274658205,123.08999633789062,119.94110870361328
2786,2017-06-20,122.66999816894533,122.88999938964844,3015300,123.7699966430664,122.93000030517578,119.78520965576172
2787,2017-06-21,122.44000244140624,123.54000091552734,2384100,123.54000091552734,123.0999984741211,119.95084381103516
2788,2017-06-22,122.29000091552734,122.87000274658205,2160600,123.5199966430664,123.3000030517578,120.14574432373048
2789,2017-06-23,123.12000274658205,123.68000030517578,3381500,125.0,124.01000213623048,120.83759307861328
2790,2017-06-26,123.19000244140624,124.16999816894533,2376700,124.58000183105467,123.5199966430664,120.360107421875
2791,2017-06-27,122.73999786376952,123.48999786376952,2516400,123.51000213623048,122.73999786376952,119.6000518798828
2792,2017-06-28,122.56999969482422,123.19000244140624,2574900,124.87000274658205,124.80999755859376,121.61710357666016
2793,2017-06-29,121.1999969482422,124.61000061035156,4147400,124.68000030517578,121.51000213623048,118.40153503417967
2794,2017-06-30,121.20999908447266,121.77999877929688,3574000,122.41999816894533,121.4499969482422,118.34307861328124
2795,2017-07-03,120.72000122070312,122.25,2314200,122.30999755859376,120.77999877929688,117.6902084350586
2796,2017-07-05,121.12000274658205,121.13999938964844,3856500,122.16000366210938,121.9800033569336,119.076416015625
2797,2017-07-06,120.6500015258789,121.33999633789062,2702600,121.68000030517578,120.8000030517578,117.92449188232422
2798,2017-07-07,121.06999969482422,121.38999938964844,2119000,122.72000122070312,122.1999969482422,119.2911605834961
2799,2017-07-10,121.81999969482422,122.16000366210938,2886900,123.19000244140624,122.7300033569336,119.80855560302734
2800,2017-07-11,122.5,122.80999755859376,3885700,124.70999908447266,124.2300033569336,121.27285766601562
2801,2017-07-12,124.5999984741211,125.0,2770400,125.75,125.27999877929688,122.2978515625
2802,2017-07-13,125.37000274658205,125.62000274658205,3330900,126.4000015258789,125.47000122070312,122.48333740234376
2803,2017-07-14,125.55999755859376,125.55999755859376,2690800,127.52999877929688,127.01000213623048,123.9866714477539
2804,2017-07-17,126.54000091552734,127.26000213623048,2291700,127.58000183105467,127.43000030517578,124.39667510986328
2805,2017-07-18,127.0,127.11000061035156,3732800,128.16000366210938,127.7300033569336,124.68954467773438
2806,2017-07-19,127.55999755859376,127.7300033569336,2550400,128.27000427246094,128.0399932861328,124.99215698242188
2807,2017-07-20,127.94000244140624,128.39999389648438,2350300,128.83999633789062,128.47000122070312,125.41191864013672
2808,2017-07-21,128.32000732421875,128.52999877929688,4375500,130.1999969482422,129.27000427246094,126.19287872314452
2809,2017-07-24,128.60000610351562,129.38999938964844,3065400,129.89999389648438,129.52000427246094,126.43692779541016
2810,2017-07-25,129.22000122070312,130.0,2476000,130.17999267578125,129.97999572753906,126.88597106933594
2811,2017-07-26,129.75999450683594,129.9199981689453,3547800,131.17999267578125,130.99000549316406,127.8719711303711
2812,2017-07-27,126.5500030517578,132.0,4914500,132.1999969482422,128.92999267578125,125.86095428466795
2813,2017-07-28,127.30999755859376,128.9600067138672,5257900,129.99000549316406,127.91000366210938,124.86524963378906
2814,2017-07-31,127.4000015258789,128.0,3347500,128.4499969482422,127.8000030517578,124.75787353515624
2815,2017-08-01,128.5,128.66000366210938,4010500,129.97999572753906,129.49000549316406,126.40765380859376
2816,2017-08-02,129.17999267578125,129.74000549316406,3578600,130.61000061035156,130.61000061035156,127.5009994506836
2817,2017-08-03,129.24000549316406,130.39999389648438,2568100,130.57000732421875,129.88999938964844,126.79812622070312
2818,2017-08-04,129.44000244140625,130.22000122070312,2208100,130.25,129.82000732421875,126.72978973388672
2819,2017-08-07,129.5500030517578,129.99000549316406,1585600,130.5,130.3800048828125,127.27645874023438
2820,2017-08-08,129.3000030517578,130.1300048828125,2062800,130.30999755859375,129.83999633789062,126.74929809570312
2821,2017-08-09,128.77000427246094,129.08999633789062,1789900,130.02999877929688,129.72000122070312,126.63217163085938
2822,2017-08-10,127.58999633789062,129.1699981689453,2590400,129.41000366210938,127.66999816894533,124.63097381591795
2823,2017-08-11,127.86000061035156,128.16000366210938,2484300,129.4199981689453,128.5500030517578,125.49000549316406
2824,2017-08-14,129.0,129.22999572753906,2793300,131.2899932861328,131.08999633789062,127.96953582763672
2825,2017-08-15,130.9499969482422,131.4199981689453,2155600,131.99000549316406,131.5800018310547,128.44789123535156
2826,2017-08-16,131.80999755859375,132.1699981689453,2000700,132.6300048828125,132.3699951171875,129.21905517578125
2827,2017-08-17,130.82000732421875,132.16000366210938,2673000,132.5,130.8800048828125,127.76455688476562
2828,2017-08-18,130.36000061035156,130.55999755859375,3167300,131.97000122070312,131.13999938964844,128.0183563232422
2829,2017-08-21,131.1300048828125,131.35000610351562,1807600,132.08999633789062,131.94000244140625,128.79933166503906
2830,2017-08-22,132.27999877929688,132.50999450683594,2180100,134.24000549316406,133.8000030517578,130.6150360107422
2831,2017-08-23,132.6699981689453,133.17999267578125,2006400,133.47999572753906,133.07000732421875,129.90243530273438
2832,2017-08-24,131.97999572753906,133.22999572753906,2046600,133.4600067138672,132.9600067138672,129.7950439453125
2833,2017-08-25,132.55999755859375,133.3000030517578,2215500,133.60000610351562,132.75,129.59002685546875
2834,2017-08-28,132.7100067138672,133.14999389648438,2154700,134.0,133.85000610351562,130.663818359375
2835,2017-08-29,132.74000549316406,133.10000610351562,2122000,134.2100067138672,133.83999633789062,130.65406799316406
2836,2017-08-30,133.47999572753906,133.92999267578125,3224500,134.24000549316406,133.8000030517578,130.6150360107422
2837,2017-08-31,133.27999877929688,134.1999969482422,4374700,134.5,133.3000030517578,130.12692260742188
2838,2017-09-01,133.13999938964844,133.83999633789062,2446600,133.89999389648438,133.24000549316406,130.06837463378906
2839,2017-09-05,131.67999267578125,132.83999633789062,2726500,132.92999267578125,132.66000366210938,129.50216674804688
2840,2017-09-06,132.58999633789062,132.99000549316406,3652100,133.66000366210938,132.88999938964844,129.7267303466797
2841,2017-09-07,135.64999389648438,136.0800018310547,7269000,138.63999938964844,136.52999877929688,133.28004455566406
2842,2017-09-08,136.05999755859375,136.22000122070312,4451300,137.74000549316406,137.22000122070312,133.95364379882812
2843,2017-09-11,139.17999267578125,139.36000061035156,5457600,141.99000549316406,141.99000549316406,138.610107421875
2844,2017-09-12,141.80999755859375,142.66000366210938,3775000,143.52000427246094,142.4199981689453,139.0298614501953
2845,2017-09-13,139.5399932861328,142.02000427246094,3613800,142.1300048828125,140.10000610351562,136.76507568359375
2846,2017-09-14,139.3699951171875,139.5,4179400,141.8000030517578,141.47000122070312,138.10247802734375
2847,2017-09-15,139.80999755859375,142.32000732421875,6152500,142.69000244140625,141.5800018310547,138.2098388671875
2848,2017-09-18,140.50999450683594,141.66000366210938,2843500,141.69000244140625,141.39999389648438,138.0341339111328
2849,2017-09-19,141.8699951171875,141.92999267578125,4179000,143.58999633789062,142.49000549316406,139.0982208251953
2850,2017-09-20,141.4199981689453,142.25,2749700,143.07000732421875,142.24000549316406,138.85415649414062
2851,2017-09-21,141.19000244140625,141.69000244140625,2835300,142.17999267578125,141.72000122070312,138.34652709960938
2852,2017-09-22,141.5,141.5,1860400,142.39999389648438,141.88999938964844,138.51248168945312
2853,2017-09-25,138.44000244140625,142.07000732421875,5541200,142.10000610351562,138.57000732421875,135.27154541015625
2854,2017-09-26,137.75,139.02000427246094,3162600,139.3800048828125,138.3699951171875,135.07626342773438
2855,2017-09-27,138.5500030517578,138.8000030517578,3716800,140.17999267578125,139.6699981689453,136.3452911376953
2856,2017-09-28,138.83999633789062,139.44000244140625,2732000,140.2100067138672,140.1999969482422,136.86268615722656
2857,2017-09-29,140.4199981689453,140.8300018310547,2603200,141.74000549316406,141.1999969482422,137.8388671875
2858,2017-10-02,141.47000122070312,141.89999389648438,2300700,142.92999267578125,141.82000732421875,138.44415283203125
2859,2017-10-03,141.6999969482422,141.99000549316406,2514500,143.17999267578125,143.02000427246094,139.61553955078125
2860,2017-10-04,141.32000732421875,142.72999572753906,3245700,143.0,142.08999633789062,138.70770263671875
2861,2017-10-05,142.42999267578125,142.55999755859375,2723000,143.77999877929688,143.75,140.54579162597656
2862,2017-10-06,142.77000427246094,143.5,3067400,143.77999877929688,143.52000427246094,140.32095336914062
2863,2017-10-09,142.89999389648438,143.47999572753906,2557700,145.17999267578125,144.5500030517578,141.3280029296875
2864,2017-10-10,144.77999877929688,144.77999877929688,2593400,146.3699951171875,145.64999389648438,142.40345764160156
2865,2017-10-11,145.60000610351562,145.60000610351562,3341900,147.1199951171875,146.85000610351562,143.5767059326172
2866,2017-10-12,146.44000244140625,146.8300018310547,3226200,148.16000366210938,146.74000549316406,143.46913146972656
2867,2017-10-13,147.2899932861328,147.50999450683594,2337300,148.4499969482422,147.33999633789062,144.05580139160156
2868,2017-10-16,145.16000366210938,148.0399932861328,2590100,148.0399932861328,146.22000122070312,142.96075439453125
2869,2017-10-17,145.52999877929688,146.3300018310547,3002400,146.4600067138672,145.92999267578125,142.6772003173828
2870,2017-10-18,145.60000610351562,145.8300018310547,2525900,146.77000427246094,146.19000244140625,142.93142700195312
2871,2017-10-19,144.66000366210938,145.38999938964844,4169900,146.1199951171875,144.97999572753906,141.74839782714844
2872,2017-10-20,144.57000732421875,145.6300048828125,3547300,145.72999572753906,145.3800048828125,142.13949584960938
2873,2017-10-23,145.3000030517578,146.0,2514500,146.5,145.55999755859375,142.3154296875
2874,2017-10-24,145.35000610351562,146.19000244140625,2918400,146.49000549316406,145.8000030517578,142.55014038085938
2875,2017-10-25,145.2100067138672,146.5,3439700,146.97999572753906,146.24000549316406,142.98031616210938
2876,2017-10-26,146.35000610351562,147.0,2574900,147.3699951171875,146.58999633789062,143.32247924804688
2877,2017-10-27,146.05999755859375,146.8300018310547,3491900,148.52000427246094,148.52000427246094,145.20950317382812
2878,2017-10-30,148.5800018310547,151.3000030517578,6555700,151.47999572753906,148.9499969482422,145.62989807128906
2879,2017-10-31,146.14999389648438,150.6300048828125,7613700,152.0,148.77000427246094,145.4539337158203
2880,2017-11-01,148.77999877929688,149.9499969482422,4531700,151.49000549316406,148.88999938964844,145.5712432861328
2881,2017-11-02,147.47000122070312,148.3300018310547,3883600,149.2100067138672,148.25,144.9455108642578
2882,2017-11-03,147.7100067138672,148.41000366210938,2338700,149.36000061035156,149.2899932861328,145.9622802734375
2883,2017-11-06,148.9600067138672,149.2100067138672,3142900,150.4600067138672,150.08999633789062,146.74447631835938
2884,2017-11-07,148.9199981689453,150.30999755859375,2683400,150.47999572753906,149.97000122070312,146.62716674804688
2885,2017-11-08,148.1999969482422,149.47000122070312,3786800,150.24000549316406,149.97000122070312,146.62716674804688
2886,2017-11-09,147.58999633789062,149.27000427246094,2716400,149.8699951171875,149.2899932861328,145.9622802734375
2887,2017-11-10,148.7100067138672,149.0,1795900,149.75999450683594,149.5399932861328,146.20680236816406
